,RMSE,MAE,MAPE,R2
0,0.931819116348691,0.6519810969424445,0.9925469099621249,-0.05314293353398969
