,RMSE,MAE,MAPE,R2
0,1.06954282870335,0.8044706916485329,1.7379139271736288,-0.3942953499487798
