,RMSE,MAE,MAPE,R2
0,1.149450321077787,0.878740288325896,1.9720589174894085,-0.6104187953142026
