,RMSE,MAE,MAPE,R2
0,1.3751661051429638,1.0708526642874345,2.5046241103529927,-1.304988365063783
