,RMSE,MAE,MAPE,R2
0,0.972210435953291,0.7071106358930146,1.1956657076519932,-0.14642234842007795
