,RMSE,MAE,MAPE,R2
0,1.384097337366656,1.0679293001618682,2.3729889860682984,-1.335025808604008
