,RMSE,MAE,MAPE,R2
0,0.6382875556187795,0.5165481463494368,1.9235417163176383,-0.15900514344324712
