,RMSE,MAE,MAPE,R2
0,1.8943685923422025,1.6508221909527074,7.141083330122034,-7.255893910794633
