,RMSE,MAE,MAPE,R2
0,0.6082617830423899,0.44115745078204827,1.7119152100503634,-0.05252802923904665
