,RMSE,MAE,MAPE,R2
0,1.7225507200176873,1.3890042747030285,5.995794032062679,-5.826202555092124
