,RMSE,MAE,MAPE,R2
0,1.3849131518760462,1.1289444308125782,4.125914376086101,-3.4124542276995493
