,RMSE,MAE,MAPE,R2
0,1.4279370753600182,1.0987975386017717,4.212565658826322,-3.690868666905483
