,RMSE,MAE,MAPE,R2
0,0.9271267973577988,0.7505643090632059,1.6303687839267347,-0.2942489447467648
