,RMSE,MAE,MAPE,R2
0,4.368366173725271e-06,1.364347387141639e-06,1.1048200228210791e-07,2.9264926402652032e-05
