,RMSE,MAE,MAPE,R2
0,0.8418465413831178,0.7055060149478564,1.5280112998353823,-0.06709069893698771
