,RMSE,MAE,MAPE,R2
0,1.296527504584631,1.0539807791356213,2.438880955617967,-1.0489053074064878
