,RMSE,MAE,MAPE,R2
0,1.2769152289916645,1.0288655721783297,2.356966278834492,-0.9873874905966697
