,RMSE,MAE,MAPE,R2
0,2.302966663119584e-05,2.242919757616944e-06,0.00015800973937746447,0.00011672295538902788
