,RMSE,MAE,MAPE,R2
0,1.4006630909251039,1.0767871735123813,2.4532500999593467,-1.39229785394649
