,RMSE,MAE,MAPE,R2
0,0.0021480649085192298,0.00507381865783034,0.024324173908184685,0.0244110934843596
