,RMSE,MAE,MAPE,R2
0,0.9280689220532028,0.6883641150996211,1.1553622368948038,-0.04469701100505041
