,RMSE,MAE,MAPE,R2
0,0.0038888407105021065,0.002490183126986833,0.011119726517588378,0.03344505997437112
