,RMSE,MAE,MAPE,R2
0,8.002702679006669e-05,1.7510442959652174e-05,6.71376344703199e-05,0.0004449424920334296
