,RMSE,MAE,MAPE,R2
0,1.1118753673252442,0.9233575497065728,2.2512631977723574,-0.506852130737814
