,RMSE,MAE,MAPE,R2
0,0.0012761464930110284,0.0005726408535377799,0.006322989447636438,0.011700244520481433
