,RMSE,MAE,MAPE,R2
0,1.203005181396846,0.9496248191969352,2.2737594730062574,-0.7663490170631115
