,RMSE,MAE,MAPE,R2
0,0.6056439155965292,0.43349777928141153,1.7201579510056915,-0.04348767993005831
