,RMSE,MAE,MAPE,R2
0,1.242106369825839,1.018343859527965,2.4295469103630323,-0.8812892432795708
