,RMSE,MAE,MAPE,R2
0,1.4569712807585484,1.1702054804337352,2.524696649263851,-1.5873810983878722
