,RMSE,MAE,MAPE,R2
0,1.3645802097785678,1.0616985314159364,2.43236067508658,-1.2696377994366124
