,RMSE,MAE,MAPE,R2
0,0.7763736351731195,0.5512305760612433,0.5463731310520789,-3.5721501283260624
