,RMSE,MAE,MAPE,R2
0,0.8921709362848934,0.6443767544920875,1.05187501505319,0.034571246733618666
