,RMSE,MAE,MAPE,R2
0,0.9612961255344722,0.7275223860299711,1.2713144438824833,-0.12082670576647359
