,RMSE,MAE,MAPE,R2
0,0.9698973144375778,0.7361640406343264,1.3062999266335682,-0.14128893621016192
