,RMSE,MAE,MAPE,R2
0,0.9083941258125627,0.6134345841084854,0.7205974669561587,-9.864149141491081
