,RMSE,MAE,MAPE,R2
0,0.8884238403431469,0.6763233130576861,1.1058658897838414,-0.050792699885345405
