,RMSE,MAE,MAPE,R2
0,0.5759153687497475,0.39613825930897606,0.5511627958348229,-6.156758977521395
