,RMSE,MAE,MAPE,R2
0,1.3321123223782771,1.0987396719408327,2.6087626280553415,-1.1629182747312878
