,RMSE,MAE,MAPE,R2
0,0.00902236092686623,0.005349482560984618,0.012435032808178582,0.1168630578769199
