,RMSE,MAE,MAPE,R2
0,1.5501522892309132,1.1498657963773031,19.409821882107835,-22.769145055583493
