,RMSE,MAE,MAPE,R2
0,0.9673242743178656,0.6810533672992539,0.895829525490706,-0.13492786463110362
