,RMSE,MAE,MAPE,R2
0,1.6850130468908173,1.4480678569590688,5.721112259066295,-5.531932226612473
