,RMSE,MAE,MAPE,R2
0,0.0005199531357253898,0.000423957489914594,0.001325013486693784,0.0028782192900454065
