,RMSE,MAE,MAPE,R2
0,1.45377701707969,1.13796123504327,2.6455366395486153,-1.5773318597324377
