,RMSE,MAE,MAPE,R2
0,0.0021059995401107243,0.00039731484035550747,0.031766759996861495,0.026450305857808352
