,RMSE,MAE,MAPE,R2
0,0.9720296630081342,0.6842590834220417,0.9055086604046939,-0.146044588479619
