,RMSE,MAE,MAPE,R2
0,1.1573741945024958,0.9888196214097106,2.4059319410822235,-0.6326985552225257
