,RMSE,MAE,MAPE,R2
0,1.6767148770967075,1.3824257073968145,6.253840653853421,-5.467755137819449
