,RMSE,MAE,MAPE,R2
0,0.637311137831891,0.5212146160163467,1.92894990771519,-0.1554618888679773
