,RMSE,MAE,MAPE,R2
0,0.6627022955143366,0.5384523434595623,1.983004508213094,-0.2493656421712127
