,RMSE,MAE,MAPE,R2
0,1.3817771735403934,1.0908210039209667,4.631227403613985,-3.3924938507165203
