,RMSE,MAE,MAPE,R2
0,1.7556112268884636,1.4777461187785257,6.441467044553678,-6.090744438513686
