,RMSE,MAE,MAPE,R2
0,1.579415609900616,1.2410745131642287,5.451253125494709,-4.738891131053582
