,RMSE,MAE,MAPE,R2
0,1.3632265636545091,1.1168539823330186,3.851593839025899,-3.275345476289531
