,RMSE,MAE,MAPE,R2
0,0.6144363971944411,0.47888407466756466,0.5938374158253329,-7.224634736049024
