,RMSE,MAE,MAPE,R2
0,0.8634712930519138,0.6911586107710315,1.3758594573248553,0.01015348308774855
