,RMSE,MAE,MAPE,R2
0,1.6370954020363047,1.3387189990572155,4.953553708447504,-5.16571024837427
