,RMSE,MAE,MAPE,R2
0,1.0032308499857776,0.8836990003490446,3.50296125187934,-1.3154579116707539
