,RMSE,MAE,MAPE,R2
0,0.6249040384895944,0.34792592123474486,0.6327230969095264,-17.260695065979043
