,RMSE,MAE,MAPE,R2
0,0.5709955309621241,0.36904371837485384,1.1858811960949458,0.07249122518187934
