,RMSE,MAE,MAPE,R2
0,1.1052298914146945,0.9385985274439382,4.172565979779873,-1.810220375476654
