,RMSE,MAE,MAPE,R2
0,1.062432854876882,0.8970794827027364,3.5729915713517717,-1.5967977070982586
