,RMSE,MAE,MAPE,R2
0,1.12086667528421,0.9424589925663935,3.7220058243242935,-1.8903008369941148
