,RMSE,MAE,MAPE,R2
0,1.1129833758534866,0.9087290296850311,2.1200572749434197,-0.5098568504393335
