,RMSE,MAE,MAPE,R2
0,8.329153945111254e-05,9.358540435110789e-05,0.0004063094419021455,0.00044458046119420373
