,RMSE,MAE,MAPE,R2
0,1.23166103666605e-06,9.14503135270824e-05,0.003647187709337538,1.0188774834903607e-05
