,RMSE,MAE,MAPE,R2
0,0.9488929442109106,0.6928125257982083,1.0893876616363631,-0.09209022804407985
