,RMSE,MAE,MAPE,R2
0,1.5127289506738568,1.249998490233326,4.623603332236778,-4.264502923373424
