,RMSE,MAE,MAPE,R2
0,0.625476338152282,0.465798542401522,1.6323979272309093,-0.11294673198126004
