,RMSE,MAE,MAPE,R2
0,1.6516629561510232,1.4198377926668584,5.600793825855857,-5.2759285561943425
