,RMSE,MAE,MAPE,R2
0,0.6117769392108486,0.44221369474488365,1.5118602290667402,-0.06472833872939932
