,RMSE,MAE,MAPE,R2
0,1.5142103382955774,1.2715285615280483,4.829423047876789,-4.274818833645951
