,RMSE,MAE,MAPE,R2
0,0.6182677206380555,0.45862733191340105,1.5899554893174506,-0.08744112809668403
