,RMSE,MAE,MAPE,R2
0,1.205188741094466,0.8680418061943752,3.543166284825949,-2.3415292402558374
