,RMSE,MAE,MAPE,R2
0,1.4002678234876447,1.1597456147831928,4.5217242870393735,-3.5108392722942643
