,RMSE,MAE,MAPE,R2
0,0.916656171515112,0.6084316896846385,28.31219888550348,-323.05750973347153
