,RMSE,MAE,MAPE,R2
0,0.9524027908498602,0.6961685018280368,1.0941906529173377,-0.10023471588261523
