,RMSE,MAE,MAPE,R2
0,0.8400849223768687,0.5652945271860808,0.645041785532516,-1.0767979706853712
