,RMSE,MAE,MAPE,R2
0,1.1798504609493712,0.8920945095222249,2.037239190670326,-0.6967292391721447
