,RMSE,MAE,MAPE,R2
0,1.1892001399333831,0.9311918159037537,2.137373808321035,-0.7249875628327866
