,RMSE,MAE,MAPE,R2
0,0.8934599993628686,0.7169045762575759,1.5434967480564121,-0.20206079834013413
