,RMSE,MAE,MAPE,R2
0,0.8837501299716652,0.734630892722491,1.6124192368420178,-0.17596515092490406
