,RMSE,MAE,MAPE,R2
0,0.858000816496555,0.6432844387177878,1.1000489531403277,-0.10585772273421745
