,RMSE,MAE,MAPE,R2
0,0.002069464600089512,0.002622933618537107,0.0033587903869396383,0.017391808065020158
