,RMSE,MAE,MAPE,R2
0,1.0930451849821265,0.869849338606742,2.0109660939480785,-0.45624567876861755
