,RMSE,MAE,MAPE,R2
0,0.5835345568577973,0.36683860461929213,1.107198271223192,0.03130787588066741
