,RMSE,MAE,MAPE,R2
0,1.4763526583065678,1.158224760524495,2.769848095006056,-1.662174843503847
