,RMSE,MAE,MAPE,R2
0,1.3643119412343623,1.1230972279416989,2.743019276534235,-1.2687454919363654
