,RMSE,MAE,MAPE,R2
0,0.46573009329144927,0.2920588565168119,0.517240780619044,0.7352865042978967
