,RMSE,MAE,MAPE,R2
0,0.9248173163495925,0.680231110982733,1.1389671401021069,-0.03745632677719275
