,RMSE,MAE,MAPE,R2
0,0.0003429973408489332,0.00017377923194978663,0.00033207952474346156,0.0004450821244732883
