,RMSE,MAE,MAPE,R2
0,0.41050729214455783,0.26709984430054085,0.4536762419092161,0.7946001267895721
