,RMSE,MAE,MAPE,R2
0,8.328606734209285e-05,0.0001877844599546335,0.0006168955884123432,0.00041718191429941014
