,RMSE,MAE,MAPE,R2
0,0.9167512107965125,0.6775801795371803,1.1356626355222974,-0.019358786905703695
