,RMSE,MAE,MAPE,R2
0,0.45514098477392284,0.28205784862504585,0.48795523590007017,0.745763214433528
