,RMSE,MAE,MAPE,R2
0,0.38745653234549915,0.25720718227569994,0.4192612181190572,0.8170196755394844
