,RMSE,MAE,MAPE,R2
0,0.0017877417338130477,0.000556415326698064,0.001010653141082884,0.0022703175011835686
