,RMSE,MAE,MAPE,R2
0,0.7118468666063007,0.5198192524770912,0.5414324715375788,-2.039666390873461
