,RMSE,MAE,MAPE,R2
0,0.0017121089261171636,0.0015992947558299219,0.0018926779423819758,0.019960691824874463
