,RMSE,MAE,MAPE,R2
0,0.9229747424417729,0.6810723188169976,1.1487578686432034,-0.0332459687918345
