,RMSE,MAE,MAPE,R2
0,1.382870468719299,1.0805023128616664,2.4096037077120247,-1.332197202464981
