,RMSE,MAE,MAPE,R2
0,0.00014976049621434463,0.00011015169804453438,0.00914243269695468,0.001084122680254867
