,RMSE,MAE,MAPE,R2
0,0.8615100573559642,0.6446807067132174,1.1028623699924165,-0.11492546420190053
