,RMSE,MAE,MAPE,R2
0,1.615501012097246e-05,8.685250679210262e-05,0.0034922406433414606,0.0001259262975914614
